﻿<?xml version="1.0" encoding="utf-8"?>
<animation_system>
  <nodes>
    <node type="BlendNode" id="0">
      <custom />
    </node>
    <node type="AnimationNode" id="1">
      <custom animation="Idle" />
    </node>
    <node type="AnimationNode" id="2">
      <custom animation="Attack" />
    </node>
    <node type="AnimationNode" id="3">
      <custom animation="Idle" />
    </node>
    <node type="AnimationNode" id="4">
      <custom animation="Running" />
    </node>
    <node type="TransitionSelectNode" id="5">
      <custom size="5" />
    </node>
    <node type="AnimationNode" id="6">
      <custom animation="Dead" />
    </node>
    <node type="ParameterNode" id="7">
      <custom parameter="Default" />
    </node>
    <node type="ParameterNode" id="8">
      <custom parameter="Default" />
    </node>
  </nodes>
  <connections>
    <connection node_in="0" port_in="in0" node_out="4" />
    <connection node_in="0" port_in="in1" node_out="3" />
    <connection node_in="5" port_in="select" node_out="8" />
    <connection node_in="5" port_in="animation 0" node_out="2" />
    <connection node_in="5" port_in="animation 1" node_out="1" />
    <connection node_in="5" port_in="animation 2" node_out="0" />
    <connection node_in="5" port_in="animation 3" node_out="6" />
  </connections>
  <output>5</output>
  <constants>
    <constant node_id="0" port="weight" value="0.62" />
    <constant node_id="1" port="speed" value="1" />
    <constant node_id="2" port="speed" value="1" />
    <constant node_id="3" port="speed" value="1" />
    <constant node_id="4" port="speed" value="1" />
    <constant node_id="5" port="time in" value="0.3" />
    <constant node_id="5" port="time out" value="0.3" />
    <constant node_id="6" port="speed" value="1" />
  </constants>
  <parameters>
    <parameter name="Default" value="0.625" />
  </parameters>
</animation_system>